Workbook

Sheet Raw Data
A1: Program Budget vs. Actual — Raw Data (FY2025)
A2: Source: monthly finance ledger export. All figures in USD. Blue text = source input; grey italic = helper formula.
A4: Month | B4: Month # | C4: Program Category | D4: Budget (USD) | E4: Actual (USD) | F4: Lookup Key | H4: Category Budget Reference (VLOOKUP source)
A5: Jan-2025 | B5: 1 | C5: Health Outreach | D5: 15000 | E5: 16280 | F5: =A5&"|"&C5 -> Jan-2025|Health Outreach | H5: Program Category | I5: Monthly Budget (USD)
A6: Feb-2025 | B6: 2 | C6: Health Outreach | D6: 15000 | E6: 16220 | F6: =A6&"|"&C6 -> Feb-2025|Health Outreach | H6: Health Outreach | I6: 15000
A7: Mar-2025 | B7: 3 | C7: Health Outreach | D7: 15000 | E7: 16670 | F7: =A7&"|"&C7 -> Mar-2025|Health Outreach | H7: WASH (Water, Sanitation & Hygiene) | I7: 10000
A8: Apr-2025 | B8: 4 | C8: Health Outreach | D8: 15000 | E8: 15580 | F8: =A8&"|"&C8 -> Apr-2025|Health Outreach | H8: Education & Training | I8: 9000
A9: May-2025 | B9: 5 | C9: Health Outreach | D9: 15000 | E9: 14840 | F9: =A9&"|"&C9 -> May-2025|Health Outreach | H9: Livelihoods & Financial Inclusion | I9: 11000
A10: Jun-2025 | B10: 6 | C10: Health Outreach | D10: 15000 | E10: 14360 | F10: =A10&"|"&C10 -> Jun-2025|Health Outreach | H10: Monitoring & Evaluation | I10: 5000
A11: Jul-2025 | B11: 7 | C11: Health Outreach | D11: 15000 | E11: 14190 | F11: =A11&"|"&C11 -> Jul-2025|Health Outreach | H11: Emergency Response | I11: 7000
A12: Aug-2025 | B12: 8 | C12: Health Outreach | D12: 15000 | E12: 13850 | F12: =A12&"|"&C12 -> Aug-2025|Health Outreach | H12: Community Mobilization | I12: 6000
A13: Sep-2025 | B13: 9 | C13: Health Outreach | D13: 15000 | E13: 14350 | F13: =A13&"|"&C13 -> Sep-2025|Health Outreach | H13: Admin & Operations | I13: 7000
A14: Oct-2025 | B14: 10 | C14: Health Outreach | D14: 15000 | E14: 14570 | F14: =A14&"|"&C14 -> Oct-2025|Health Outreach
A15: Nov-2025 | B15: 11 | C15: Health Outreach | D15: 15000 | E15: 14980 | F15: =A15&"|"&C15 -> Nov-2025|Health Outreach
A16: Dec-2025 | B16: 12 | C16: Health Outreach | D16: 15000 | E16: 15450 | F16: =A16&"|"&C16 -> Dec-2025|Health Outreach
A17: Jan-2025 | B17: 1 | C17: WASH (Water, Sanitation & Hygiene) | D17: 10000 | E17: 8810 | F17: =A17&"|"&C17 -> Jan-2025|WASH (Water, Sanitation & Hygiene)
A18: Feb-2025 | B18: 2 | C18: WASH (Water, Sanitation & Hygiene) | D18: 10000 | E18: 8680 | F18: =A18&"|"&C18 -> Feb-2025|WASH (Water, Sanitation & Hygiene)
A19: Mar-2025 | B19: 3 | C19: WASH (Water, Sanitation & Hygiene) | D19: 10000 | E19: 9160 | F19: =A19&"|"&C19 -> Mar-2025|WASH (Water, Sanitation & Hygiene)
A20: Apr-2025 | B20: 4 | C20: WASH (Water, Sanitation & Hygiene) | D20: 10000 | E20: 9320 | F20: =A20&"|"&C20 -> Apr-2025|WASH (Water, Sanitation & Hygiene)
A21: May-2025 | B21: 5 | C21: WASH (Water, Sanitation & Hygiene) | D21: 10000 | E21: 8790 | F21: =A21&"|"&C21 -> May-2025|WASH (Water, Sanitation & Hygiene)
A22: Jun-2025 | B22: 6 | C22: WASH (Water, Sanitation & Hygiene) | D22: 10000 | E22: 9240 | F22: =A22&"|"&C22 -> Jun-2025|WASH (Water, Sanitation & Hygiene)
A23: Jul-2025 | B23: 7 | C23: WASH (Water, Sanitation & Hygiene) | D23: 10000 | E23: 9120 | F23: =A23&"|"&C23 -> Jul-2025|WASH (Water, Sanitation & Hygiene)
A24: Aug-2025 | B24: 8 | C24: WASH (Water, Sanitation & Hygiene) | D24: 10000 | E24: 9200 | F24: =A24&"|"&C24 -> Aug-2025|WASH (Water, Sanitation & Hygiene)
A25: Sep-2025 | B25: 9 | C25: WASH (Water, Sanitation & Hygiene) | D25: 10000 | E25: 9220 | F25: =A25&"|"&C25 -> Sep-2025|WASH (Water, Sanitation & Hygiene)
... A100: Dec-2025 | B100: 12 | C100: Admin & Operations | D100: 7000 | E100: 7600 | F100: =A100&"|"&C100 -> Dec-2025|Admin & Operations
A102: Note: 'Lookup Key' (col F) = Month & Category, used by the Analysis tab's INDEX/MATCH lookup. Generated, not a source input — do not hand-edit.

Sheet Analysis
A1: Variance Analysis — Budget vs. Actual by Category & Month
A2: Budget pulled via VLOOKUP against the Category Budget Reference table; Actual pulled via INDEX/MATCH against Raw Data's Month+Category key. Flags trigger at ±5% variance.
A4: Month | B4: Program Category | C4: Lookup Key | D4: Budget (USD) | E4: Actual (USD) | F4: Variance ($) | G4: Variance (%) | H4: Status | I4: Flag
A5: Jan-2025 | B5: Health Outreach | C5: =A5&"|"&B5 -> Jan-2025|Health Outreach | D5: =VLOOKUP(B5,'Raw Data'!$H$6:$I$13,2,FALSE()) -> 15000 | E5: =INDEX('Raw Data'!$E$5:$E$100,MATCH(C5,'Raw Data'!$F$5:$F$100,0)) -> 16280 | F5: =E5-D5 -> 1280 | G5: =IFERROR(F5/D5,0) -> 0.085333333 | H5: =IF(G5>0.05,"Over Budget",IF(G5<-0.05,"Under Budget","On Track")) -> Over Budget | I5: =IF(H5="Over Budget","🔴 Over",IF(H5="Under Budget","🟡 Under","🟢 On Track")) -> 🔴 Over
A6: Feb-2025 | B6: Health Outreach | C6: =A6&"|"&B6 -> Feb-2025|Health Outreach | D6: =VLOOKUP(B6,'Raw Data'!$H$6:$I$13,2,FALSE()) -> 15000 | E6: =INDEX('Raw Data'!$E$5:$E$100,MATCH(C6,'Raw Data'!$F$5:$F$100,0)) -> 16220 | F6: =E6-D6 -> 1220 | G6: =IFERROR(F6/D6,0) -> 0.081333333 | H6: =IF(G6>0.05,"Over Budget",IF(G6<-0.05,"Under Budget","On Track")) -> Over Budget | I6: =IF(H6="Over Budget","🔴 Over",IF(H6="Under Budget","🟡 Under","🟢 On Track")) -> 🔴 Over
A7: Mar-2025 | B7: Health Outreach | C7: =A7&"|"&B7 -> Mar-2025|Health Outreach | D7: =VLOOKUP(B7,'Raw Data'!$H$6:$I$13,2,FALSE()) -> 15000 | E7: =INDEX('Raw Data'!$E$5:$E$100,MATCH(C7,'Raw Data'!$F$5:$F$100,0)) -> 16670 | F7: =E7-D7 -> 1670 | G7: =IFERROR(F7/D7,0) -> 0.11133333 | H7: =IF(G7>0.05,"Over Budget",IF(G7<-0.05,"Under Budget","On Track")) -> Over Budget | I7: =IF(H7="Over Budget","🔴 Over",IF(H7="Under Budget","🟡 Under","🟢 On Track")) -> 🔴 Over
A8: Apr-2025 | B8: Health Outreach | C8: =A8&"|"&B8 -> Apr-2025|Health Outreach | D8: =VLOOKUP(B8,'Raw Data'!$H$6:$I$13,2,FALSE()) -> 15000 | E8: =INDEX('Raw Data'!$E$5:$E$100,MATCH(C8,'Raw Data'!$F$5:$F$100,0)) -> 15580 | F8: =E8-D8 -> 580 | G8: =IFERROR(F8/D8,0) -> 0.038666667 | H8: =IF(G8>0.05,"Over Budget",IF(G8<-0.05,"Under Budget","On Track")) -> On Track | I8: =IF(H8="Over Budget","🔴 Over",IF(H8="Under Budget","🟡 Under","🟢 On Track")) -> 🟢 On Track
A9: May-2025 | B9: Health Outreach | C9: =A9&"|"&B9 -> May-2025|Health Outreach | D9: =VLOOKUP(B9,'Raw Data'!$H$6:$I$13,2,FALSE()) -> 15000 | E9: =INDEX('Raw Data'!$E$5:$E$100,MATCH(C9,'Raw Data'!$F$5:$F$100,0)) -> 14840 | F9: =E9-D9 -> -160 | G9: =IFERROR(F9/D9,0) -> -0.010666667 | H9: =IF(G9>0.05,"Over Budget",IF(G9<-0.05,"Under Budget","On Track")) -> On Track | I9: =IF(H9="Over Budget","🔴 Over",IF(H9="Under Budget","🟡 Under","🟢 On Track")) -> 🟢 On Track
A10: Jun-2025 | B10: Health Outreach | C10: =A10&"|"&B10 -> Jun-2025|Health Outreach | D10: =VLOOKUP(B10,'Raw Data'!$H$6:$I$13,2,FALSE()) -> 15000 | E10: =INDEX('Raw Data'!$E$5:$E$100,MATCH(C10,'Raw Data'!$F$5:$F$100,0)) -> 14360 | F10: =E10-D10 -> -640 | G10: =IFERROR(F10/D10,0) -> -0.042666667 | H10: =IF(G10>0.05,"Over Budget",IF(G10<-0.05,"Under Budget","On Track")) -> On Track | I10: =IF(H10="Over Budget","🔴 Over",IF(H10="Under Budget","🟡 Under","🟢 On Track")) -> 🟢 On Track
A11: Jul-2025 | B11: Health Outreach | C11: =A11&"|"&B11 -> Jul-2025|Health Outreach | D11: =VLOOKUP(B11,'Raw Data'!$H$6:$I$13,2,FALSE()) -> 15000 | E11: =INDEX('Raw Data'!$E$5:$E$100,MATCH(C11,'Raw Data'!$F$5:$F$100,0)) -> 14190 | F11: =E11-D11 -> -810 | G11: =IFERROR(F11/D11,0) -> -0.054 | H11: =IF(G11>0.05,"Over Budget",IF(G11<-0.05,"Under Budget","On Track")) -> Under Budget | I11: =IF(H11="Over Budget","🔴 Over",IF(H11="Under Budget","🟡 Under","🟢 On Track")) -> 🟡 Under
A12: Aug-2025 | B12: Health Outreach | C12: =A12&"|"&B12 -> Aug-2025|Health Outreach | D12: =VLOOKUP(B12,'Raw Data'!$H$6:$I$13,2,FALSE()) -> 15000 | E12: =INDEX('Raw Data'!$E$5:$E$100,MATCH(C12,'Raw Data'!$F$5:$F$100,0)) -> 13850 | F12: =E12-D12 -> -1150 | G12: =IFERROR(F12/D12,0) -> -0.076666667 | H12: =IF(G12>0.05,"Over Budget",IF(G12<-0.05,"Under Budget","On Track")) -> Under Budget | I12: =IF(H12="Over Budget","🔴 Over",IF(H12="Under Budget","🟡 Under","🟢 On Track")) -> 🟡 Under
A13: Sep-2025 | B13: Health Outreach | C13: =A13&"|"&B13 -> Sep-2025|Health Outreach | D13: =VLOOKUP(B13,'Raw Data'!$H$6:$I$13,2,FALSE()) -> 15000 | E13: =INDEX('Raw Data'!$E$5:$E$100,MATCH(C13,'Raw Data'!$F$5:$F$100,0)) -> 14350 | F13: =E13-D13 -> -650 | G13: =IFERROR(F13/D13,0) -> -0.043333333 | H13: =IF(G13>0.05,"Over Budget",IF(G13<-0.05,"Under Budget","On Track")) -> On Track | I13: =IF(H13="Over Budget","🔴 Over",IF(H13="Under Budget","🟡 Under","🟢 On Track")) -> 🟢 On Track
A14: Oct-2025 | B14: Health Outreach | C14: =A14&"|"&B14 -> Oct-2025|Health Outreach | D14: =VLOOKUP(B14,'Raw Data'!$H$6:$I$13,2,FALSE()) -> 15000 | E14: =INDEX('Raw Data'!$E$5:$E$100,MATCH(C14,'Raw Data'!$F$5:$F$100,0)) -> 14570 | F14: =E14-D14 -> -430 | G14: =IFERROR(F14/D14,0) -> -0.028666667 | H14: =IF(G14>0.05,"Over Budget",IF(G14<-0.05,"Under Budget","On Track")) -> On Track | I14: =IF(H14="Over Budget","🔴 Over",IF(H14="Under Budget","🟡 Under","🟢 On Track")) -> 🟢 On Track
A15: Nov-2025 | B15: Health Outreach | C15: =A15&"|"&B15 -> Nov-2025|Health Outreach | D15: =VLOOKUP(B15,'Raw Data'!$H$6:$I$13,2,FALSE()) -> 15000 | E15: =INDEX('Raw Data'!$E$5:$E$100,MATCH(C15,'Raw Data'!$F$5:$F$100,0)) -> 14980 | F15: =E15-D15 -> -20 | G15: =IFERROR(F15/D15,0) -> -0.0013333333 | H15: =IF(G15>0.05,"Over Budget",IF(G15<-0.05,"Under Budget","On Track")) -> On Track | I15: =IF(H15="Over Budget","🔴 Over",IF(H15="Under Budget","🟡 Under","🟢 On Track")) -> 🟢 On Track
A16: Dec-2025 | B16: Health Outreach | C16: =A16&"|"&B16 -> Dec-2025|Health Outreach | D16: =VLOOKUP(B16,'Raw Data'!$H$6:$I$13,2,FALSE()) -> 15000 | E16: =INDEX('Raw Data'!$E$5:$E$100,MATCH(C16,'Raw Data'!$F$5:$F$100,0)) -> 15450 | F16: =E16-D16 -> 450 | G16: =IFERROR(F16/D16,0) -> 0.03 | H16: =IF(G16>0.05,"Over Budget",IF(G16<-0.05,"Under Budget","On Track")) -> On Track | I16: =IF(H16="Over Budget","🔴 Over",IF(H16="Under Budget","🟡 Under","🟢 On Track")) -> 🟢 On Track
... A100: Dec-2025 | B100: Admin & Operations | C100: =A100&"|"&B100 -> Dec-2025|Admin & Operations | D100: =VLOOKUP(B100,'Raw Data'!$H$6:$I$13,2,FALSE()) -> 7000 | E100: =INDEX('Raw Data'!$E$5:$E$100,MATCH(C100,'Raw Data'!$F$5:$F$100,0)) -> 7600 | F100: =E100-D100 -> 600 | G100: =IFERROR(F100/D100,0) -> 0.085714286 | H100: =IF(G100>0.05,"Over Budget",IF(G100<-0.05,"Under Budget","On Track")) -> Over Budget | I100: =IF(H100="Over Budget","🔴 Over",IF(H100="Under Budget","🟡 Under","🟢 On Track")) -> 🔴 Over

Sheet Summary Dashboard
A1: FY2025 Budget Performance — Summary Dashboard
A2: Pivot-style rollup of the Analysis tab via SUMIFS, aggregated by Program Category across all 12 months. A native Excel PivotTable can also be inserted directly from the 'RawData' table (see project guide).
A4: Annual Summary by Program Category
A5: Program Category | B5: Total Budget (USD) | C5: Total Actual (USD) | D5: Variance ($) | E5: Variance (%) | F5: Status
A6: Health Outreach | B6: =SUMIF(Analysis!$B$5:$B$100,A6,Analysis!$D$5:$D$100) -> 180000 | C6: =SUMIF(Analysis!$B$5:$B$100,A6,Analysis!$E$5:$E$100) -> 181340 | D6: =C6-B6 -> 1340 | E6: =IFERROR(D6/B6,0) -> 0.0074444444 | F6: =IF(E6>0.05,"Over Budget",IF(E6<-0.05,"Under Budget","On Track")) -> On Track
A7: WASH (Water, Sanitation & Hygiene) | B7: =SUMIF(Analysis!$B$5:$B$100,A7,Analysis!$D$5:$D$100) -> 120000 | C7: =SUMIF(Analysis!$B$5:$B$100,A7,Analysis!$E$5:$E$100) -> 108920 | D7: =C7-B7 -> -11080 | E7: =IFERROR(D7/B7,0) -> -0.092333333 | F7: =IF(E7>0.05,"Over Budget",IF(E7<-0.05,"Under Budget","On Track")) -> Under Budget
A8: Education & Training | B8: =SUMIF(Analysis!$B$5:$B$100,A8,Analysis!$D$5:$D$100) -> 108000 | C8: =SUMIF(Analysis!$B$5:$B$100,A8,Analysis!$E$5:$E$100) -> 110210 | D8: =C8-B8 -> 2210 | E8: =IFERROR(D8/B8,0) -> 0.020462963 | F8: =IF(E8>0.05,"Over Budget",IF(E8<-0.05,"Under Budget","On Track")) -> On Track
A9: Livelihoods & Financial Inclusion | B9: =SUMIF(Analysis!$B$5:$B$100,A9,Analysis!$D$5:$D$100) -> 132000 | C9: =SUMIF(Analysis!$B$5:$B$100,A9,Analysis!$E$5:$E$100) -> 150400 | D9: =C9-B9 -> 18400 | E9: =IFERROR(D9/B9,0) -> 0.13939394 | F9: =IF(E9>0.05,"Over Budget",IF(E9<-0.05,"Under Budget","On Track")) -> Over Budget
A10: Monitoring & Evaluation | B10: =SUMIF(Analysis!$B$5:$B$100,A10,Analysis!$D$5:$D$100) -> 60000 | C10: =SUMIF(Analysis!$B$5:$B$100,A10,Analysis!$E$5:$E$100) -> 52490 | D10: =C10-B10 -> -7510 | E10: =IFERROR(D10/B10,0) -> -0.12516667 | F10: =IF(E10>0.05,"Over Budget",IF(E10<-0.05,"Under Budget","On Track")) -> Under Budget
A11: Emergency Response | B11: =SUMIF(Analysis!$B$5:$B$100,A11,Analysis!$D$5:$D$100) -> 84000 | C11: =SUMIF(Analysis!$B$5:$B$100,A11,Analysis!$E$5:$E$100) -> 87290 | D11: =C11-B11 -> 3290 | E11: =IFERROR(D11/B11,0) -> 0.039166667 | F11: =IF(E11>0.05,"Over Budget",IF(E11<-0.05,"Under Budget","On Track")) -> On Track
A12: Community Mobilization | B12: =SUMIF(Analysis!$B$5:$B$100,A12,Analysis!$D$5:$D$100) -> 72000 | C12: =SUMIF(Analysis!$B$5:$B$100,A12,Analysis!$E$5:$E$100) -> 72100 | D12: =C12-B12 -> 100 | E12: =IFERROR(D12/B12,0) -> 0.0013888889 | F12: =IF(E12>0.05,"Over Budget",IF(E12<-0.05,"Under Budget","On Track")) -> On Track
A13: Admin & Operations | B13: =SUMIF(Analysis!$B$5:$B$100,A13,Analysis!$D$5:$D$100) -> 84000 | C13: =SUMIF(Analysis!$B$5:$B$100,A13,Analysis!$E$5:$E$100) -> 88250 | D13: =C13-B13 -> 4250 | E13: =IFERROR(D13/B13,0) -> 0.050595238 | F13: =IF(E13>0.05,"Over Budget",IF(E13<-0.05,"Under Budget","On Track")) -> Over Budget
A14: GRAND TOTAL | B14: =SUM(B6:B13) -> 840000 | C14: =SUM(C6:C13) -> 851000 | D14: =C14-B14 -> 11000 | E14: =IFERROR(D14/B14,0) -> 0.013095238 | F14: =IF(E14>0.05,"Over Budget",IF(E14<-0.05,"Under Budget","On Track")) -> On Track
A17: Monthly Trend — All Programs Combined
A18: Month | B18: Total Budget (USD) | C18: Total Actual (USD)
A19: Jan-2025 | B19: =SUMIF(Analysis!$A$5:$A$100,A19,Analysis!$D$5:$D$100) -> 70000 | C19: =SUMIF(Analysis!$A$5:$A$100,A19,Analysis!$E$5:$E$100) -> 68510
A20: Feb-2025 | B20: =SUMIF(Analysis!$A$5:$A$100,A20,Analysis!$D$5:$D$100) -> 70000 | C20: =SUMIF(Analysis!$A$5:$A$100,A20,Analysis!$E$5:$E$100) -> 68830
A21: Mar-2025 | B21: =SUMIF(Analysis!$A$5:$A$100,A21,Analysis!$D$5:$D$100) -> 70000 | C21: =SUMIF(Analysis!$A$5:$A$100,A21,Analysis!$E$5:$E$100) -> 70640
A22: Apr-2025 | B22: =SUMIF(Analysis!$A$5:$A$100,A22,Analysis!$D$5:$D$100) -> 70000 | C22: =SUMIF(Analysis!$A$5:$A$100,A22,Analysis!$E$5:$E$100) -> 73410
A23: May-2025 | B23: =SUMIF(Analysis!$A$5:$A$100,A23,Analysis!$D$5:$D$100) -> 70000 | C23: =SUMIF(Analysis!$A$5:$A$100,A23,Analysis!$E$5:$E$100) -> 73940
A24: Jun-2025 | B24: =SUMIF(Analysis!$A$5:$A$100,A24,Analysis!$D$5:$D$100) -> 70000 | C24: =SUMIF(Analysis!$A$5:$A$100,A24,Analysis!$E$5:$E$100) -> 70360
A25: Jul-2025 | B25: =SUMIF(Analysis!$A$5:$A$100,A25,Analysis!$D$5:$D$100) -> 70000 | C25: =SUMIF(Analysis!$A$5:$A$100,A25,Analysis!$E$5:$E$100) -> 68890
A26: Aug-2025 | B26: =SUMIF(Analysis!$A$5:$A$100,A26,Analysis!$D$5:$D$100) -> 70000 | C26: =SUMIF(Analysis!$A$5:$A$100,A26,Analysis!$E$5:$E$100) -> 73270
A27: Sep-2025 | B27: =SUMIF(Analysis!$A$5:$A$100,A27,Analysis!$D$5:$D$100) -> 70000 | C27: =SUMIF(Analysis!$A$5:$A$100,A27,Analysis!$E$5:$E$100) -> 71710
A28: Oct-2025 | B28: =SUMIF(Analysis!$A$5:$A$100,A28,Analysis!$D$5:$D$100) -> 70000 | C28: =SUMIF(Analysis!$A$5:$A$100,A28,Analysis!$E$5:$E$100) -> 70250
A29: Nov-2025 | B29: =SUMIF(Analysis!$A$5:$A$100,A29,Analysis!$D$5:$D$100) -> 70000 | C29: =SUMIF(Analysis!$A$5:$A$100,A29,Analysis!$E$5:$E$100) -> 69550
A30: Dec-2025 | B30: =SUMIF(Analysis!$A$5:$A$100,A30,Analysis!$D$5:$D$100) -> 70000 | C30: =SUMIF(Analysis!$A$5:$A$100,A30,Analysis!$E$5:$E$100) -> 71640
